gene_class,symbol,geneid,samp1,samp2,samp3,samp4,samp5,samp6,samp7,samp8,samp9,samp10,samp11,samp12
Positive,POS_A,ERCC_00117.1,44049,58308,54349,46824,62871,56969,73088,72038,59303,62845,60867,64117
Positive,POS_B,ERCC_00112.1,9836,13506,12652,10346,14390,12888,16624,17045,13219,14077,13750,14146
Positive,POS_C,ERCC_00002.1,2712,3632,3463,2830,3918,3462,4594,4604,3564,3649,3755,3820
Positive,POS_D,ERCC_00092.1,700,948,887,823,1026,956,1149,1222,935,996,1003,965
Positive,POS_E,ERCC_00035.1,161,209,177,181,200,217,260,228,241,221,202,207
Positive,POS_F,ERCC_00034.1,42,61,65,55,79,71,70,79,75,56,56,59
Negative,NEG_A,ERCC_00096.1,7,10,11,16,7,8,17,8,16,9,5,9
Negative,NEG_B,ERCC_00041.1,11,13,6,12,10,6,10,10,13,10,7,11
Negative,NEG_C,ERCC_00019.1,8,9,8,10,4,4,10,11,12,9,7,12
Negative,NEG_D,ERCC_00076.1,3,3,5,6,2,2,4,7,7,6,5,4
Negative,NEG_E,ERCC_00098.1,10,12,10,14,15,5,19,16,9,14,10,14
Negative,NEG_F,ERCC_00126.1,8,21,19,9,8,6,19,15,15,21,16,14
Negative,NEG_G,ERCC_00144.1,1,1,2,2,4,2,2,4,5,4,3,3
Negative,NEG_H,ERCC_00154.1,5,3,1,4,3,2,3,6,4,5,6,9
Endogenous,ACADVL,NM_001270447.1,4991,681,920,5421,751,283,869,1072,2577,2483,1108,1111
Endogenous,ACSL5,NM_203379.1,1469,183,309,1571,351,75,317,310,731,729,561,512
Endogenous,ADAR,NM_001111.3,6313,727,1157,6932,1129,681,1173,1080,3046,2553,1608,1609
Endogenous,ADD1,NM_001119.4,1938,277,494,1906,392,141,462,503,1245,944,687,748
Endogenous,ADORA2A,NM_000675.3,279,135,274,356,189,99,193,167,691,431,342,339
Endogenous,AHR,NM_001621.3,1569,393,604,1565,272,132,469,701,1591,2316,562,835
Endogenous,AKT1,NM_001014432.1,2050,249,450,2082,362,163,393,349,1015,827,595,527
Endogenous,AKT2,NM_001626.4,1885,236,420,1898,392,171,408,378,1014,837,598,614
Endogenous,ALDH3A2,NM_001031806.1,520,117,209,560,153,67,167,194,503,414,208,248
Endogenous,ALDOA,NM_184041.2,14095,1062,1502,15072,1283,633,1460,1479,4565,3244,2139,2032
Endogenous,ATG7,NM_001136031.2,779,159,188,773,558,108,319,227,806,681,599,488
Endogenous,ATP5MG,NM_006476.4,1862,221,274,1652,263,114,274,276,518,412,371,321
Endogenous,ATP5PD,NM_006356.2,2465,225,424,2140,313,189,358,378,749,726,569,541
Endogenous,ATP6V1F,NM_001198909.1,2735,282,420,2805,437,189,472,435,910,777,606,616
Endogenous,BATF,NM_006399.3,844,265,314,1226,354,202,388,340,833,726,496,424
Endogenous,BCL2,NM_000657.2,1727,129,110,1669,120,57,120,173,1102,434,186,283
Endogenous,BCL2L1,NM_138578.1,1412,122,113,2096,137,119,147,206,721,391,204,276
Endogenous,BCL6,NM_001706.2,69,66,69,75,87,76,119,80,236,412,80,90
Endogenous,BTBD6,NM_033271.2,460,78,87,439,92,76,114,85,241,193,139,146
Endogenous,CALM1,NM_006888.3,1493,169,314,1359,318,108,303,330,689,603,508,533
Endogenous,CASP3,NM_004346.3,3030,228,369,3086,456,103,361,346,845,830,718,568
Endogenous,CASP8,NM_001228.4,1891,802,1099,1681,1140,386,1313,1668,2927,1691,1826,1435
Endogenous,CCL3/L1,NM_002983.2,2986,1503,2822,6564,884,149,1518,1871,13628,2686,1672,4482
Endogenous,CCL4/L1,NM_002984.2,1483,1987,1986,3166,1595,198,1516,1772,13406,3134,2177,4235
Endogenous,CCL5,NM_002985.2,2345,2295,1710,2158,2712,481,2651,2169,5934,1604,3035,2483
Endogenous,CCR4,NM_005508.4,1061,89,63,2233,578,96,405,484,539,628,641,781
Endogenous,CCR5,NM_000579.1,400,250,291,441,459,74,466,375,877,886,581,773
Endogenous,CD247,NM_198053.2,14805,829,1045,22829,1183,497,1703,1356,4943,2636,3331,2705
Endogenous,CD27,NM_001242.4,332,192,258,410,502,158,280,201,331,417,588,326
Endogenous,CD28,NM_001243078.1,466,109,200,406,337,72,329,340,361,643,498,364
Endogenous,CD3D,NM_000732.4,11041,2483,5767,11274,4058,1147,4536,3857,8765,8420,6275,5569
Endogenous,CD3E,NM_000733.2,6701,1396,2369,6888,2116,767,2173,2076,4393,4137,3386,3207
Endogenous,CD3G,NM_000073.2,2824,697,1526,2895,1250,309,1293,1190,2298,2466,2076,1729
Endogenous,CD4,NM_000616.4,714,298,650,1024,313,277,440,544,2197,1878,591,1105
Endogenous,CD40LG,NM_000074.2,3261,128,248,4414,122,107,349,392,1433,1585,238,668
Endogenous,CD45R0,NM_080921.3,2855,2219,4103,2873,4148,1123,3995,3712,8336,8299,6001,5713
Endogenous,CD6,NM_001254751.1,826,363,648,639,523,210,659,562,1780,1233,790,887
Endogenous,CD69,NM_001781.1,1077,988,1214,1121,672,361,882,1351,2373,2570,1170,1155
Endogenous,CD84,NM_001184879.1,358,566,1130,380,1091,326,930,946,2155,2050,1730,1496
Endogenous,CD8A,NM_001768.5,7443,1452,656,6207,2077,265,1902,1350,863,1330,2121,185
Endogenous,CD96,NM_005816.4,2590,406,666,2141,494,141,599,632,1600,1401,754,779
Endogenous,CD99,NM_002414.4,2169,581,918,2058,820,236,918,907,2194,2031,1355,1476
Endogenous,CDC26,NM_139286.3,1394,96,203,1437,217,83,170,176,374,354,268,305
Endogenous,CDC42,NM_001039802.1,7244,1476,1531,6634,1437,688,1688,1719,3669,2804,2382,2431
Endogenous,CHMP3,NM_016079.3,665,132,188,561,154,89,212,198,437,344,286,250
Endogenous,CHMP4A,NM_014169.2,2792,397,604,2740,540,265,649,629,1391,1093,779,855
Endogenous,CMIP,NM_198390.2,275,124,126,305,73,62,105,111,155,124,82,88
Endogenous,COX4I1,NM_001318797.1,3902,499,876,3795,737,355,828,881,1539,1147,1119,1026
Endogenous,COX5B,NM_001862.2,4705,413,701,4766,626,244,613,613,1312,1086,1005,902
Endogenous,COX6B1,NM_001863.4,5510,486,813,5104,738,299,765,825,1585,1344,1155,1072
Endogenous,COX6C,NM_004374.2,9189,781,1210,8479,1037,447,1121,1233,2753,2085,1745,1658
Endogenous,COX7A2,NM_001865.3,6552,505,813,6311,795,349,842,788,1732,1374,1134,1104
Endogenous,COX7B,NM_001866.2,5178,379,662,5023,643,179,625,639,1352,1090,1002,919
Endogenous,COX7C,NM_001867.2,4112,404,614,4042,644,220,611,566,1471,1163,1035,908
Endogenous,CPT1A,NM_001876.3,725,169,282,696,251,130,254,303,508,632,366,369
Endogenous,CPT1B,NM_004377.3,298,117,127,332,172,134,143,142,466,405,226,242
Endogenous,CREB1,NM_004379.3,1383,231,435,1535,377,197,344,344,878,792,531,537
Endogenous,CS,NM_004077.2,3283,230,452,3232,415,184,475,411,1053,869,545,609
Endogenous,CTLA4,NM_005214.3,1135,1094,1323,1841,826,838,838,1226,5030,2382,1269,1708
Endogenous,CTNNA1,NM_001903.2,382,168,243,586,209,64,239,229,822,561,339,432
Endogenous,CTNNB1,NM_001098210.1,3273,577,870,3747,664,156,715,923,3369,1915,1093,1410
Endogenous,CTSD,NM_001909.3,1627,549,1261,1752,599,311,840,834,2820,2099,907,1140
Endogenous,CTSW,NM_001335.3,3189,551,395,3778,759,93,833,568,2548,817,707,572
Endogenous,CXCR3,NM_001504.1,2598,508,528,2012,803,460,1018,1006,1882,1855,1184,1330
Endogenous,CXCR4,NM_003467.2,3873,1555,1774,4131,1198,834,1208,3021,7597,2717,1853,1907
Endogenous,CXCR6,NM_006564.1,1116,550,1300,1626,420,58,640,599,2780,1538,526,1088
Endogenous,DAP3,NM_004632.3,1973,202,335,2005,329,235,329,339,750,659,458,432
Endogenous,DDIT4,NM_019058.2,811,438,755,895,192,184,349,681,2763,664,267,409
Endogenous,DECR1,NM_001359.1,1483,265,437,1392,435,157,435,443,976,835,753,652
Endogenous,DHRS4,NM_021004.2,651,78,158,594,123,81,135,139,292,245,197,201
Endogenous,DIABLO,NM_138930.2,1040,203,205,1070,380,196,351,253,490,451,544,516
Endogenous,DOCK2,NM_004946.2,3501,558,862,3163,853,428,922,868,2243,2039,1361,1184
Endogenous,DUSP1,NM_004417.2,323,3068,4925,537,2252,1594,4317,4470,12504,6220,4086,6459
Endogenous,ENTPD1,NM_001098175.1,1512,522,904,2481,283,170,616,625,2307,1989,595,806
Endogenous,ERAP2,NM_001130140.1,2448,304,452,2216,473,145,466,450,1156,1082,776,678
Endogenous,FAS,NM_000043.4,992,262,390,960,369,155,343,346,962,822,638,590
Endogenous,FASN,NM_004104.4,1537,128,269,1996,174,159,204,145,538,595,340,268
Endogenous,FLCN,NM_144606.5,490,109,156,428,134,117,150,129,343,297,189,167
Endogenous,FOS,NM_005252.2,170,4249,5748,359,2765,2852,5626,7012,12644,6823,5067,6327
Endogenous,FOSB,NM_006732.1,127,1566,1624,204,818,686,1576,1530,4901,3167,1474,1825
Endogenous,FOXO1,NM_002015.3,934,242,268,942,340,178,354,521,1297,712,498,510
Endogenous,FYN,NM_002037.3,1030,1149,2201,1064,1563,498,1396,1219,2737,2532,2384,1663
Endogenous,GADD45B,NM_015675.2,598,156,210,715,95,98,173,201,540,305,230,232
Endogenous,GARS,NM_002047.2,2498,168,268,2597,255,113,279,349,676,643,403,321
Endogenous,GART,NM_000819.3,1822,97,156,1877,156,76,159,159,383,427,234,212
Endogenous,GATA3,NM_001002295.1,3479,422,704,5009,559,226,621,709,1871,1643,897,1052
Endogenous,GFM1,NM_024996.5,1256,95,146,1370,155,59,157,155,435,415,226,234
Endogenous,GLS,NM_014905.3,2858,517,783,2988,830,291,842,864,2148,1973,1307,1359
Endogenous,GLUD1/2,NM_012084.3,2611,552,606,2666,533,202,617,635,1467,1454,956,967
Endogenous,GNAI2,NM_002070.2,11476,2471,2601,9870,2366,913,2352,2455,5576,5188,3870,3793
Endogenous,GPI,NM_000175.2,5371,450,576,5849,624,187,662,630,2280,1507,914,958
Endogenous,GRK2,NM_001619.2,4332,682,904,4278,835,321,859,887,2113,1649,1279,1150
Endogenous,GZMA,NM_006144.2,22215,2940,5076,32552,5694,1802,4976,4272,8973,10657,7429,8082
Endogenous,GZMB,NM_004131.3,36865,1741,1882,64371,1407,341,3128,2726,6267,2392,916,1346
Endogenous,GZMK,NM_002104.2,312,1519,1139,417,6426,708,2704,2083,4576,3934,7114,4542
Endogenous,HACD4,NM_001010915.3,1047,161,231,798,242,89,232,254,363,436,426,455
Endogenous,HADHB,NM_000183.2,1333,192,350,1238,247,167,302,350,700,595,382,404
Endogenous,HDAC7,NM_001098416.2,492,209,314,582,170,167,234,174,507,470,331,257
Endogenous,HIF1A,NM_001530.2,3951,782,1433,4431,636,189,897,1087,4784,2724,1004,1081
Endogenous,HLA-DRA,NM_019111.3,3193,1327,1965,3261,1941,256,1778,1893,6252,4133,3657,3387
Endogenous,HLA-DRB1,NM_002124.3,1860,2356,1903,1747,2479,1062,2932,2583,7744,6973,4681,4789
Endogenous,HLA-E,NM_005516.4,3827,1798,2836,3836,2517,1568,2733,2838,6651,5255,4065,3631
Endogenous,HSPA9,NM_004134.4,1641,183,184,1880,169,92,194,195,519,401,285,243
Endogenous,HSPE1,NM_002157.2,10214,467,857,11970,723,248,730,682,1785,1439,1281,1002
Endogenous,ID2,NM_002166.4,3496,1229,1885,3058,745,618,1688,1689,4670,3297,1303,2419
Endogenous,IFNAR1,NM_000629.2,982,111,201,929,153,100,184,153,448,367,264,298
Endogenous,IFNG,NM_000619.2,1754,1274,1880,4608,1148,220,1580,1433,6200,3337,1998,2560
Endogenous,IKBKE,NM_014002.2,2234,226,514,2334,459,268,411,389,1112,1073,596,670
Endogenous,IL10RA,NM_001558.2,2740,288,439,2795,433,157,509,618,1122,848,721,720
Endogenous,IL12RB1,NM_005535.1,1233,246,424,1200,318,110,426,375,864,893,562,544
Endogenous,IL16,NM_004513.4,3343,536,1188,2032,1175,484,1001,850,2100,2032,1440,1521
Endogenous,IL21R,NM_181079.4,440,264,384,729,367,302,373,360,1142,854,558,576
Endogenous,IL2RB,NM_000878.2,4261,756,1660,5703,978,204,1004,943,3303,2706,1339,1454
Endogenous,IL2RG,NM_000206.1,8254,1842,2366,8857,2345,990,3023,2648,7278,7851,3728,4877
Endogenous,IL32,NM_004221.4,59496,5263,7535,60713,8653,3146,9510,8373,19039,16002,12396,17543
Endogenous,IL4R,NM_000418.3,3184,175,277,3022,187,188,211,270,938,619,304,351
Endogenous,IL6ST,NM_002184.2,717,385,330,641,281,339,374,756,1558,906,408,494
Endogenous,IL7R,NM_002185.2,416,168,133,211,102,108,297,645,449,474,184,386
Endogenous,IRF1,NM_002198.2,2518,434,621,2556,693,233,673,592,1641,1437,1112,991
Endogenous,IRF3,NM_001571.5,522,98,166,559,182,125,155,134,364,298,258,193
Endogenous,IRF4,NM_002460.1,3499,224,221,4864,261,109,250,224,979,667,378,301
Endogenous,IRF7,NM_001572.3,759,137,251,1038,229,123,217,222,885,541,321,480
Endogenous,IRF9,NM_006084.4,1917,342,437,1822,510,336,547,557,1520,1065,735,723
Endogenous,ISG15,NM_005101.3,1381,143,204,1574,159,63,227,210,837,360,260,418
Endogenous,ITGB2,NM_000211.2,2652,1588,2241,2765,2442,1025,2811,2581,6679,5710,4340,4542
Endogenous,JAK1,NM_002227.1,3269,548,1122,2860,833,266,785,909,1892,1893,1346,1317
Endogenous,JUN,NM_002228.3,430,1840,2201,842,1241,1117,2427,2755,6972,3738,2703,3904
Endogenous,JUNB,NM_002229.2,1230,1992,1766,2017,1338,1423,1807,2311,5221,3135,2101,2637
Endogenous,KLRB1,NM_002258.2,104,522,614,88,242,514,1205,1598,2237,1278,641,1858
Endogenous,KLRC1/2,NM_002260.3,206,440,98,365,297,60,506,452,368,431,241,65
Endogenous,KLRG1,NM_001329099.1,161,329,236,119,512,182,508,577,1205,541,613,955
Endogenous,KLRK1,NM_007360.1,1107,406,149,947,449,59,592,403,990,522,588,189
Endogenous,LAG3,NM_002286.5,747,1245,864,1396,1146,295,1151,907,2860,2952,1028,737
Endogenous,LAMP1,NM_005561.3,2997,534,918,2970,847,220,901,884,2247,2361,1378,1327
Endogenous,LAMP2,NM_002294.2,1429,209,296,1582,302,124,320,367,947,817,506,564
Endogenous,LAT,NM_001014987.1,974,304,267,782,431,452,500,426,725,664,582,549
Endogenous,LCK,NM_005356.2,5515,864,1654,4790,1488,616,1408,1338,2940,2663,2188,2013
Endogenous,LDHA,NM_001165414.1,15308,1020,1460,15983,1239,310,1433,1757,4439,3177,1699,1949
Endogenous,LEF1,NM_016269.3,2049,103,107,1164,139,318,343,304,387,320,225,413
Endogenous,LPAR6,NM_005767.3,1077,189,324,1044,269,155,373,422,805,860,591,625
Endogenous,LTB,NM_002341.1,36644,834,568,33496,1762,1874,2234,1712,3209,5489,2708,3805
Endogenous,MAF,NM_005360.4,664,472,1307,834,632,376,674,635,3078,2631,774,1304
Endogenous,MAML2,NM_032427.2,322,85,127,269,89,78,148,167,374,244,146,222
Endogenous,MAP2K2,NM_030662.3,2610,388,522,2552,501,267,516,514,1151,937,882,739
Endogenous,MAP2K7,NM_145185.2,742,142,188,619,174,91,192,194,475,395,262,279
Endogenous,MAP3K14,NM_003954.1,514,134,204,591,182,142,217,195,456,370,247,233
Endogenous,MAP3K7,NM_145333.1,1119,141,231,1036,191,58,230,217,617,493,355,259
Endogenous,MAPK3,NM_001040056.1,666,94,168,638,196,83,203,222,515,383,279,301
Endogenous,MAX,NM_002382.3,2449,461,519,2257,553,188,523,651,1258,1027,864,926
Endogenous,MDH2,NM_005918.3,2361,198,214,2768,292,166,247,264,745,473,463,366
Endogenous,MID1IP1,NM_021242.4,785,88,140,1040,92,78,109,106,295,239,129,196
Endogenous,MIF,NM_002415.1,8958,501,761,9995,746,333,758,796,2825,1664,996,1144
Endogenous,MPC2,NM_001143674.1,1327,217,275,1295,227,138,270,274,625,489,394,353
Endogenous,MT2A,NM_005953.3,10652,457,520,14607,406,382,528,648,1780,1216,516,600
Endogenous,MTHFD1L,NM_001242767.1,1299,103,119,1396,122,59,96,156,447,385,153,145
Endogenous,MTHFD2,NM_006636.3,2334,213,275,2695,207,109,215,314,871,632,285,352
Endogenous,MTOR,NM_004958.3,670,95,144,716,138,80,195,162,375,356,221,212
Endogenous,NCAPD2,NM_014865.3,3415,299,465,2884,393,147,291,324,868,925,577,438
Endogenous,NCAPG2,NM_017760.5,2647,140,254,2216,159,75,155,165,623,626,302,225
Endogenous,NDUFA1,NM_004541.3,5614,566,1027,5135,861,396,948,925,2024,1684,1392,1278
Endogenous,NDUFA4,NM_002489.2,6271,508,894,6204,832,259,804,733,1768,1437,1208,1130
Endogenous,NDUFA6,NM_002490.3,3563,295,419,3665,354,130,416,448,1161,1039,632,679
Endogenous,NDUFAB1,NM_005003.2,4785,290,419,4939,401,207,429,411,870,762,561,570
Endogenous,NDUFB9,NM_005005.2,3374,249,452,3276,439,199,438,519,841,846,735,687
Endogenous,NEDD8,NM_006156.2,3563,297,542,3537,522,153,571,554,1209,948,792,837
Endogenous,NFATC1,NM_172389.1,294,124,194,327,187,86,197,156,563,809,216,262
Endogenous,NFATC2IP,NM_032815.3,1099,130,186,1082,225,89,213,209,659,561,342,347
Endogenous,NFKB2,NM_002502.2,2042,413,443,2664,393,212,507,444,1470,1244,574,790
Endogenous,NFKBIA,NM_020529.1,4454,2425,1760,6779,1216,604,1884,3088,9747,5207,1870,2883
Endogenous,NKG7,NM_005601.3,5596,3980,2617,6955,7994,1041,7027,3615,3161,3402,11217,4008
Endogenous,NME1,NM_000269.2,3894,158,184,4391,163,79,204,183,519,367,235,166
Endogenous,NME2,NM_001018137.2,19246,1078,1604,17962,1410,900,1634,1699,3453,2939,2396,2011
Endogenous,NMT1,NM_021079.3,1831,160,281,1893,264,65,274,272,668,752,426,411
Endogenous,NOTCH1,NM_017617.3,771,225,387,706,425,126,414,342,856,1017,572,537
Endogenous,NOTCH2,NM_024408.3,1185,153,287,1413,153,102,224,234,814,659,246,382
Endogenous,NPRL3,NM_001039476.2,797,76,84,931,107,59,125,122,268,218,183,130
Endogenous,NR3C1,NM_001018077.1,695,499,531,623,276,302,610,789,2823,1511,489,1063
Endogenous,NSD2,NM_007331.1,2731,290,404,2582,323,131,289,361,1031,956,543,457
Endogenous,OAS2,NM_016817.2,2174,217,413,2451,378,105,349,367,1301,818,536,710
Endogenous,OPA1,NM_130837.1,1458,141,222,1623,184,78,206,230,492,442,298,287
Endogenous,PARP1,NM_001618.3,2491,221,451,2568,431,144,375,367,784,911,599,524
Endogenous,PCK2,NM_004563.2,680,125,151,781,102,60,137,132,361,316,180,159
Endogenous,PDK1,NM_002610.3,250,58,101,243,77,62,85,98,261,139,138,102
Endogenous,PECAM1,NM_000442.3,1933,445,168,1564,945,69,846,526,965,702,1386,574
Endogenous,PFKL,NM_001002021.1,2222,417,738,1950,549,259,684,829,1604,1247,1017,1015
Endogenous,PFKP,NM_002627.3,2276,267,409,2551,355,158,403,425,1188,992,518,573
Endogenous,PGAM1,NM_002629.2,10250,903,1510,12724,1062,343,1137,1107,4228,2774,1633,1630
Endogenous,PGK1,NM_000291.2,13199,1174,1495,14447,1419,1039,1740,1807,4732,3475,2019,2203
Endogenous,PIK3C3,NM_002647.2,544,124,204,599,189,92,249,220,543,462,312,323
Endogenous,PIK3R1,NM_181504.2,690,109,167,713,191,90,190,200,395,265,292,221
Endogenous,PKM,NM_182471.1,13501,1282,1500,18237,1396,781,1718,1671,5676,4875,1904,2331
Endogenous,PLCB2,NM_004573.2,592,200,381,557,313,159,360,349,904,711,480,568
Endogenous,PLCG1,NM_002660.2,2465,466,619,2063,836,475,871,870,2113,1979,1302,1301
Endogenous,PML,NM_002675.3,1658,322,451,1873,473,277,500,530,1481,1105,694,756
Endogenous,PPIA,NM_021130.3,54899,3625,5995,52801,5385,1978,5255,5392,14076,11689,8583,7833
Endogenous,PPP2R5D,NM_006245.2,1027,122,201,1008,189,69,183,166,424,362,294,273
Endogenous,PRDM1,NM_182907.1,660,328,336,930,291,63,278,373,1912,597,412,552
Endogenous,PRF1,NM_005041.3,4609,2727,3616,5799,3208,593,4258,3293,7352,4060,6127,3330
Endogenous,PRKCB,NM_212535.1,1511,363,355,1439,554,155,524,416,829,592,871,512
Endogenous,PRKCD,NM_006254.3,324,63,96,386,96,67,148,146,388,299,220,244
Endogenous,PSMA2,NM_002787.4,6994,545,631,7406,614,203,567,582,1466,1270,864,815
Endogenous,PSMA3,NM_152132.1,5007,228,407,5242,360,97,322,314,941,838,630,545
Endogenous,PSMA6,NM_002791.1,5064,367,486,5410,525,206,512,499,1350,1065,760,676
Endogenous,PSMB10,NM_002801.2,5281,558,954,4952,927,327,952,781,2037,1534,1500,1200
Endogenous,PTGER4,NM_000958.2,811,441,680,952,477,456,730,926,2177,1713,810,870
Endogenous,PTK2B,NM_004103.3,2302,366,609,2234,803,320,664,658,1535,1572,1084,966
Endogenous,PTPN6,NM_002831.5,1428,428,768,1233,830,145,763,539,1158,1489,1265,830
Endogenous,PTPRC,NM_080921.2,13254,3949,6395,11428,5373,2970,6285,6008,13563,12763,7834,7923
Endogenous,PYCR2,NM_013328.2,2928,242,342,2783,355,137,360,328,966,760,531,526
Endogenous,RAC2,NM_002872.4,10524,1708,3006,9830,2879,966,2772,2082,5500,5156,4591,4065
Endogenous,RAE1,NM_003610.3,1139,100,174,1244,163,56,144,191,424,326,245,228
Endogenous,RARG,NM_000966.3,714,113,85,666,71,126,220,150,286,524,148,255
Endogenous,RBX1,NM_014248.2,4701,388,558,4481,614,325,661,592,1432,1042,880,890
Endogenous,RDH10,NM_172037.2,746,626,1892,1364,328,239,553,519,2298,2459,287,616
Endogenous,RELA,NM_021975.3,1300,191,276,1234,277,74,296,318,681,600,430,442
Endogenous,RORA,NM_134261.2,533,195,274,486,106,73,382,343,563,663,296,420
Endogenous,RPL23,NM_000978.3,31677,4287,4773,33387,4773,3362,5148,5287,9946,7295,6260,6151
Endogenous,RPL3,NM_001033853.1,10196,781,1349,10282,1337,886,1256,1092,3391,2581,2238,1792
Endogenous,RUNX3,NM_004350.1,2148,420,592,2135,453,124,473,389,963,937,854,579
Endogenous,SDHB,NM_003000.2,2414,164,257,2521,259,80,268,273,657,514,397,381
Endogenous,SEC22B,NM_004892.5,872,95,210,862,162,69,180,181,388,334,238,231
Endogenous,SELL,NR_029467.1,2535,390,451,2414,1226,2003,959,704,1033,1468,1304,700
Endogenous,SERINC1,NM_020755.2,1397,421,577,1362,543,167,626,778,1751,1394,894,1029
Endogenous,SERINC3,NM_006811.2,1404,326,474,1347,478,166,511,550,1324,1124,757,801
Endogenous,SERPINB9,NM_004155.3,1634,377,370,1936,437,295,569,545,1193,1204,720,521
Endogenous,SH2D1A,NM_002351.4,2928,431,530,3241,1072,128,737,618,1450,1159,1269,789
Endogenous,SH3BP2,NM_003023.4,484,136,262,488,207,85,277,233,757,546,323,353
Endogenous,SHMT2,NM_001166356.1,1566,118,183,1788,126,69,127,156,392,403,187,154
Endogenous,SIK1,NM_173354.2,65,196,495,60,130,132,171,347,576,367,304,186
Endogenous,SKP1,NM_170679.2,5427,661,1000,5428,904,428,986,1041,2519,1868,1341,1360
Endogenous,SLAMF6,NM_001184714.1,410,419,724,413,949,199,736,678,1416,1393,1448,1161
Endogenous,SLC25A20,NM_000387.5,1216,189,328,1129,247,81,262,353,507,529,425,445
Endogenous,SLC25A6,NM_001636.3,6085,816,1324,5991,1203,612,1180,1373,2173,1893,1788,1679
Endogenous,SLC3A2,NM_001012662.2,2266,226,249,3305,220,125,269,238,744,899,281,313
Endogenous,SLC7A5,NM_003486.5,3040,290,386,5312,300,69,285,313,1120,1618,397,399
Endogenous,SMAD2,NM_005901.5,1722,167,316,1606,246,71,278,300,689,572,399,417
Endogenous,SMAD3,NM_005902.3,2202,289,461,1975,258,545,440,506,741,802,294,559
Endogenous,SMARCA4,NM_001128849.1,1355,164,209,1462,267,71,252,271,713,655,445,392
Endogenous,SOCS4,NM_199421.1,710,118,166,741,152,65,154,174,411,355,222,237
Endogenous,SP100,NM_003113.3,2380,367,542,2465,577,307,637,787,1879,1192,753,875
Endogenous,STAT1,NM_139266.1,13985,532,648,11122,720,539,1110,989,2783,2650,1125,1426
Endogenous,STAT3,NM_003150.3,1518,385,511,1664,454,325,536,571,1366,1023,637,656
Endogenous,STAT5A,NM_003152.2,1020,158,277,1012,211,124,221,242,604,446,338,293
Endogenous,STAT5B,NM_012448.3,1092,244,428,1089,414,223,428,457,1143,895,630,609
Endogenous,STAT6,NM_003153.3,1150,368,383,1156,561,494,585,590,1010,1099,887,763
Endogenous,STK11,NM_000455.4,1236,189,354,1222,247,154,311,291,784,700,434,435
Endogenous,TAOK2,NM_004783.2,457,112,153,451,113,70,112,117,347,298,198,174
Endogenous,TBX21,NM_013351.1,671,189,306,813,156,75,350,330,1357,818,332,458
Endogenous,TCF7,NM_201633.2,549,153,202,184,300,846,385,456,577,501,206,330
Endogenous,TET2,NM_001127208.2,465,130,241,449,219,59,192,232,536,484,304,281
Endogenous,TFAM,NM_003201.1,1634,107,155,1649,140,77,152,166,420,384,242,215
Endogenous,TFDP1,NM_007111.4,3462,214,313,3189,381,141,274,282,745,679,533,471
Endogenous,TFRC,NM_003234.1,5018,459,701,6564,412,244,714,803,2469,1888,749,974
Endogenous,TGFB1,NM_000660.3,3206,801,628,2842,662,775,925,964,1473,1701,1089,1347
Endogenous,TGFBR2,NM_001024847.1,511,177,263,469,259,123,309,274,693,539,389,387
Endogenous,TIMP1,NM_003254.2,1119,110,135,989,68,197,351,438,534,594,132,402
Endogenous,TKT,NM_001064.2,3144,198,308,3608,347,126,286,336,830,685,506,467
Endogenous,TNF,NM_000594.2,1402,441,383,1900,444,218,569,473,2615,1943,781,1227
Endogenous,TNFRSF18,NM_148901.1,459,562,996,906,165,262,602,657,2708,2351,266,777
Endogenous,TNFRSF4,NM_003327.3,167,173,359,329,90,97,192,179,1060,813,181,362
Endogenous,TOX,NM_014729.2,124,510,1021,177,883,144,691,647,1759,1774,1420,1085
Endogenous,TP53,NM_000546.2,2435,159,263,2285,287,69,249,236,617,569,466,396
Endogenous,TPR,NM_003292.2,869,167,171,823,162,143,168,146,349,275,234,200
Endogenous,TRAC,ENST00000611116.1,21044,6292,13054,20616,7002,3554,8911,7558,17181,18495,10547,12419
Endogenous,TRAF3,NM_145725.2,1205,186,371,1434,347,120,306,328,816,688,502,473
Endogenous,TRAF5,NM_001033910.2,707,339,510,652,412,207,506,474,1445,1183,626,553
Endogenous,TRAT1,NM_016388.2,2369,400,605,2049,794,215,753,755,1846,1555,1340,1267
Endogenous,TRAV13-1,TCRVA_021.1,1595,152,671,1490,86,279,389,895,2224,565,259,385
Endogenous,TRAV8-2,TCRVA_010.1,1472,357,107,1315,163,259,1099,449,1565,1159,330,701
Endogenous,TRBC1/2,ENST00000466254.1,27939,7229,18057,28473,12588,4714,11916,10809,27052,23535,24757,19750
Endogenous,TRBV10-3,TCRVB_028.1,621,133,257,594,102,65,144,743,201,214,136,184
Endogenous,TRBV19,TCRVB_040.1,702,251,231,678,138,231,175,488,488,274,285,584
Endogenous,TRBV6-5,TCRVB_014.1,1245,116,169,1168,848,68,1847,750,2670,1558,156,352
Endogenous,TRBV7-2,TCRVB_018.1,761,64,10586,787,139,105,96,504,390,108,4811,224
Endogenous,TRGV3/5,ENST00000390346.1,288,181,879,291,187,59,528,236,545,438,290,287
Endogenous,TRIM22,NM_006074.3,829,208,331,683,408,153,312,380,965,627,599,566
Endogenous,TRIM25,NM_005082.4,1247,127,196,1465,200,105,201,183,650,489,286,297
Endogenous,TRIM26,NM_001242783.1,957,212,276,953,252,153,246,208,599,551,403,377
Endogenous,TRIM33,NM_015906.3,1085,208,310,1128,266,113,330,362,813,664,435,451
Endogenous,TYK2,NM_003331.4,1275,276,402,1373,360,221,389,396,1016,888,515,485
Endogenous,UBE2F,NM_080678.1,1533,218,256,1455,190,137,211,271,720,469,277,387
Endogenous,UBE2I,NM_194260.2,2560,218,386,2834,348,112,344,384,856,696,560,501
Endogenous,UBE2V1,NM_001257397.1,4439,681,1265,4578,1014,276,953,1069,2370,1766,1739,1493
Endogenous,UQCR10,NM_001003684.1,1222,94,173,1231,157,66,152,124,350,291,250,244
Endogenous,UQCRQ,NM_014402.4,3294,218,344,3526,294,133,302,280,751,588,435,380
Endogenous,USP15,NM_001252078.1,1502,226,302,1344,310,138,331,447,964,879,493,525
Endogenous,VAV1,NM_005428.2,1116,222,350,1037,399,125,423,449,857,915,676,545
Endogenous,WAS,NM_000377.2,2721,392,656,2573,681,260,613,680,1350,1177,996,826
Endogenous,XAF1,NM_199139.2,888,110,140,1055,190,121,193,161,581,381,265,419
Endogenous,ZAP70,NM_001079.3,3213,918,2016,3105,1545,744,1698,1466,3151,3806,2519,1870
Endogenous,ACOT2,NM_006821.4,466,62,107,420,81,47,79,92,231,186,115,98
Endogenous,ALDOC,NM_005165.2,433,103,104,469,65,50,124,145,684,225,125,161
Endogenous,ARAF,NM_001654.3,401,70,82,393,85,42,96,109,211,213,150,112
Endogenous,ATG14,NM_014924.3,176,72,62,196,66,34,96,112,236,207,125,111
Endogenous,ATP5MF,NM_004889.2,1087,126,197,1049,161,29,190,214,314,294,242,255
Endogenous,BUB1,NM_004336.3,2041,88,179,1741,102,21,96,108,334,342,222,120
Endogenous,CCNC,NM_005190.3,1632,124,152,1755,152,53,178,164,366,307,281,216
Endogenous,CD7,NM_006137.6,3149,239,382,3251,314,47,382,222,371,938,223,57
Endogenous,CD8B,NM_172099.2,2581,315,291,2016,570,63,400,280,75,235,619,45
Endogenous,CDKN1A,NM_000389.2,2074,126,134,2455,57,22,151,264,839,571,180,294
Endogenous,CKAP5,NM_014756.2,1362,103,174,1266,147,38,104,162,411,440,254,244
Endogenous,DGLUCY,NM_001102369.2,552,64,168,506,173,41,152,139,326,291,272,246
Endogenous,EGR1,NM_001964.2,101,125,97,170,71,37,167,110,397,366,129,188
Endogenous,EOMES,NM_005442.2,60,82,77,83,238,26,121,87,164,127,272,142
Endogenous,FASLG,NM_000639.1,162,98,163,367,155,25,166,116,372,343,246,207
Endogenous,FH,NM_000143.2,2027,107,136,2073,124,50,126,128,304,272,205,152
Endogenous,FNIP1,NM_001008738.2,644,85,105,607,108,46,122,133,396,279,160,182
Endogenous,GNLY,NM_012483.3,144,89,104,325,88,20,175,95,103,142,134,65
Endogenous,GZMH,NM_033423.3,91,203,122,119,350,55,461,301,300,187,250,201
Endogenous,GZMM,NM_005317.2,361,142,101,245,173,45,175,158,277,222,189,187
Endogenous,HAVCR2,NM_032782.3,1854,408,414,2303,194,33,322,387,2442,765,301,501
Endogenous,HDAC8,NM_018486.2,491,57,150,597,130,54,129,123,289,278,180,199
Endogenous,HMGCR,NM_000859.2,599,57,86,641,111,33,103,83,327,292,145,160
Endogenous,ICAM1,NM_000201.2,391,79,113,642,91,19,125,108,496,408,136,186
Endogenous,ICOS,NM_012092.2,1238,184,290,1375,308,44,238,348,813,933,449,345
Endogenous,IDH3A,NM_005530.2,1730,97,165,1843,159,46,136,161,379,348,219,211
Endogenous,IFNGR1,NM_000416.2,440,95,117,540,201,50,183,189,431,427,237,319
Endogenous,JAK2,NM_004972.3,705,41,95,624,71,74,79,137,211,172,102,132
Endogenous,LAMTOR1,NM_017907.2,659,82,98,682,90,55,113,104,231,178,149,127
Endogenous,LTA,NM_000595.2,2974,76,102,5508,151,43,123,142,934,631,149,319
Endogenous,MAGED1,NM_006986.3,600,85,127,610,128,43,121,130,307,209,160,132
Endogenous,MFN2,NM_014874.3,810,96,146,870,127,52,130,138,388,315,195,166
Endogenous,MKI67,NM_002417.2,4523,251,466,3659,318,35,243,349,1001,1232,647,444
Endogenous,MTHFD1,NM_005956.2,3679,222,309,3814,262,55,302,269,1184,881,453,459
Endogenous,MTHFS,NM_006441.2,650,59,93,638,116,50,99,102,241,218,148,126
Endogenous,MX1,NM_002462.2,2788,169,169,3635,170,50,205,300,2114,628,258,639
Endogenous,MYC,NM_002467.3,959,55,57,1301,80,86,76,107,153,142,80,82
Endogenous,NAA20,NM_016100.3,1353,86,117,1403,126,54,140,135,320,275,178,170
Endogenous,NCAPH,NM_015341.3,3009,141,267,2917,170,21,148,226,663,544,350,224
Endogenous,NEK2,NM_002497.3,1073,60,115,874,74,19,59,76,179,172,140,100
Endogenous,NFAT5,NM_173214.1,446,73,99,553,102,42,95,112,389,334,161,180
Endogenous,NFIL3,NM_005384.2,570,126,243,664,56,9,115,161,658,205,78,213
Endogenous,OAS1,NM_001032409.1,902,57,67,1198,77,19,68,82,525,244,110,261
Endogenous,OAS3,NM_006187.2,1390,93,114,1730,162,44,152,176,958,477,159,385
Endogenous,OASL,NM_198213.1,180,145,136,232,205,32,190,175,598,331,221,313
Endogenous,OAT,NM_000274.3,739,70,94,692,100,40,86,114,265,207,145,128
Endogenous,OMA1,NM_145243.3,487,56,120,406,100,39,99,95,182,202,137,124
Endogenous,PDHA1,NM_000284.3,842,91,111,1010,131,55,114,109,275,310,148,137
Endogenous,PPAT,NM_002703.3,1263,56,90,1415,82,24,63,84,253,204,147,98
Endogenous,RDH14,NM_020905.3,369,56,72,375,102,26,68,77,161,131,113,109
Endogenous,SCD,NM_005063.4,675,65,67,1052,178,36,91,92,270,310,191,303
Endogenous,SLAMF7,NM_021181.4,698,111,74,609,365,17,212,117,207,271,430,198
Endogenous,SLC27A3,NM_024330.1,262,76,147,249,92,31,101,109,276,222,142,148
Endogenous,SMC2,NM_001042551.1,3466,184,308,3123,201,41,170,213,701,698,360,269
Endogenous,SOS2,NM_006939.2,351,75,135,371,108,32,112,95,296,228,133,131
Endogenous,STAM,NR_037774.1,483,60,57,692,64,27,61,89,223,274,125,119
Endogenous,STAT2,NM_005419.3,256,58,61,267,66,43,65,91,189,160,92,110
Endogenous,STAT4,NM_003151.2,1209,133,137,1144,95,29,184,205,630,528,151,229
Endogenous,TFB2M,NM_022366.2,602,73,93,722,81,45,99,109,235,197,130,114
Endogenous,TGFBR1,NM_004612.2,1363,85,198,1282,202,34,153,150,408,395,239,270
Endogenous,TGIF2,NM_021809.6,621,61,111,739,89,22,84,79,204,144,107,99
Endogenous,TICAM1,NM_014261.1,712,102,148,767,127,33,182,146,443,305,184,265
Endogenous,TIGIT,NM_173799.2,65,417,824,44,709,226,541,439,1266,1090,940,577
Endogenous,TIMM17A,NM_006335.2,1799,132,171,1969,185,53,162,213,436,374,246,270
Endogenous,TIMM23,NM_006327.2,1945,115,142,2053,149,47,159,195,438,392,235,210
Endogenous,TNFRSF9,NM_001561.4,195,231,414,411,133,18,167,148,562,431,427,184
Endogenous,TOLLIP,NM_019009.2,342,65,141,359,108,52,134,107,313,254,172,134
Endogenous,TOMM6,NM_001134493.1,1012,76,151,1003,146,37,111,125,250,233,201,188
Endogenous,TRAF6,NM_145803.2,244,69,94,240,108,55,99,124,207,154,165,126
Endogenous,TRAV12-3,TCRVA_020.1,542,146,7,502,139,72,78,181,88,104,61,416
Endogenous,TRAV17,TCRVA_025.1,1316,270,195,1423,142,42,364,380,827,3838,787,461
Endogenous,TRAV19,TCRVA_027.1,1155,499,192,1119,80,20,272,153,712,1357,608,166
Endogenous,TRAV26-1,TCRVA_034.1,927,311,201,1010,131,49,109,171,428,307,290,667
Endogenous,TRAV29,TCRVA_037.1,429,112,131,401,132,12,59,174,183,368,215,337
Endogenous,TRAV3,TCRVA_004.1,584,99,110,512,1252,24,401,170,592,83,344,110
Endogenous,TRAV4,TCRVA_005.1,680,61,403,655,469,16,277,130,506,357,716,288
Endogenous,TRAV8-3,TCRVA_011.1,483,72,73,490,48,87,247,310,909,682,296,500
Endogenous,TRBV28,TCRVB_045.1,1499,540,103,1535,871,52,818,353,720,8007,298,4198
Endogenous,TRBV7-3,TCRVB_019.1,591,110,56,641,110,68,152,122,274,281,25,152
Endogenous,TRBV7-9,TCRVB_024.1,949,759,339,836,117,13,215,585,294,266,1084,1050
Endogenous,TRGC2,ENST00000436911.1,372,551,569,280,1169,34,515,448,438,708,769,892
Endogenous,TSC2,NM_000548.3,441,85,148,433,140,36,148,130,334,290,190,190
Endogenous,UBA5,NM_198329.2,1317,113,188,1535,170,55,179,177,516,354,240,228
Endogenous,XCL1/2,NM_002995.2,804,148,363,1296,65,3,129,158,698,618,104,235
Endogenous,APC,NM_000038.3,180,45,70,183,80,31,71,71,143,132,104,93
Endogenous,CBR4,NM_032783.4,419,41,76,457,84,27,86,101,210,205,163,134
Endogenous,CD200,NM_005944.5,28,109,178,79,98,39,193,110,581,1091,122,179
Endogenous,CD80,NM_005191.3,274,58,116,334,56,6,53,72,239,368,87,70
Endogenous,COX16,NM_001204090.1,601,54,88,555,79,29,75,70,138,148,122,85
Endogenous,COX19,NM_001031617.2,139,40,57,128,57,42,62,61,141,123,80,68
Endogenous,CXCL13,NM_006419.2,8,923,1156,11,149,102,461,871,4018,1528,103,761
Endogenous,DVL2,NM_004422.2,356,42,74,376,70,26,64,72,170,140,88,77
Endogenous,IFI35,NM_005533.3,551,39,69,597,71,49,95,64,248,169,112,115
Endogenous,ITGAM,NM_000632.3,392,65,63,465,11,20,78,119,801,278,73,345
Endogenous,MR1,NM_001531.2,106,33,68,122,57,13,59,65,92,110,94,95
Endogenous,NDUFA2,NM_001185012.1,414,43,69,346,59,24,65,64,116,96,84,84
Endogenous,NOD2,NM_001293557.1,28,83,129,56,152,46,130,109,450,341,187,187
Endogenous,PDCD1,NM_005018.2,9,307,548,19,388,171,234,243,810,966,555,375
Endogenous,PDK3,NM_005391.1,469,49,164,442,89,29,86,72,210,197,120,91
Endogenous,PPARA,NM_001001928.2,169,50,56,189,75,23,86,63,208,143,108,105
Endogenous,PRKAB2,NM_005399.3,249,43,75,252,60,50,82,111,164,147,114,129
Endogenous,RNASEL,NM_021133.3,135,54,102,125,77,33,78,70,185,162,122,108
Endogenous,SLC2A1,NM_006516.2,295,46,87,347,81,16,63,71,186,112,110,113
Endogenous,SMURF1,NM_181349.1,196,53,83,218,71,30,68,92,217,175,84,102
Endogenous,TRAV12-1,TCRVA_018.1,545,82,13,441,251,39,76,238,211,118,75,258
Endogenous,TRAV16,TCRVA_024.1,494,37,83,423,62,14,325,112,477,182,89,75
Endogenous,TRAV2,TCRVA_003.1,923,913,35,992,183,27,271,195,1396,383,279,1129
Endogenous,TRAV22,TCRVA_030.1,305,103,25,352,95,6,108,208,289,220,82,238
Endogenous,TRAV38-1,TCRVA_042.1,703,447,54,704,114,32,143,83,362,266,258,182
Endogenous,TRBV18,TCRVB_039.1,302,90,15,308,64,12,62,348,1170,585,76,307
Endogenous,TRBV20-1,TCRVB_041.1,1189,168,41,1143,3592,33,298,590,1501,1073,344,648
Endogenous,TRBV27,TCRVB_044.1,812,68,24,823,69,3,601,146,2437,165,112,261
Endogenous,TRBV4-3,TCRVB_005.1,411,47,244,468,185,4402,46,84,230,92,412,161
Endogenous,TRBV7-8,TCRVB_023.1,759,54,494,726,57,21,83,151,110,113,299,171
Endogenous,TRGC1,ENST00000443402.1,81,67,78,79,103,7,116,44,130,157,217,114
Endogenous,TRGV2,ENST00000426402.1,56,268,75,37,427,36,153,170,202,537,450,152
Endogenous,VSIR,NM_022153.1,116,51,89,79,57,35,69,89,124,210,110,101
Endogenous,CCR2,NM_001123041.2,1790,52,50,2374,91,27,118,121,421,500,117,311
Endogenous,CCR8,NM_005201.2,328,35,25,735,50,291,243,221,337,322,67,239
Endogenous,CD9,NM_001769.2,181,39,26,219,36,76,137,103,180,93,71,103
Endogenous,CSF2,NM_000758.2,1397,113,59,3843,26,17,169,173,1821,1272,42,751
Endogenous,CX3CR1,NM_001337.3,31,214,207,48,574,54,501,188,139,246,996,609
Endogenous,IFI30,NM_006332.3,630,44,82,655,100,39,80,44,219,183,138,123
Endogenous,IFI6,NM_002038.3,530,58,57,925,51,18,54,76,451,172,90,172
Endogenous,MTHFR,NM_005957.4,138,45,44,150,62,32,68,71,153,123,102,109
Endogenous,PCCA,NM_000282.3,146,51,63,144,55,18,67,64,143,127,77,89
Endogenous,PPP3CA,NM_000944.4,325,39,64,341,35,18,76,83,242,143,87,151
Endogenous,SELPLG,NM_003006.3,300,40,68,270,40,41,73,72,153,133,67,122
Endogenous,SGO2,NM_152524.5,1007,47,93,826,87,19,42,60,140,182,99,83
Endogenous,TNFSF9,NM_003811.3,23,102,284,44,164,24,132,105,335,252,323,195
Endogenous,TRAV1-1,TCRVA_001.1,380,19,5,369,61,730,135,383,919,169,19,163
Endogenous,TRAV12-2,TCRVA_019.1,1255,80,33,1066,29,55,181,296,1102,7879,620,440
Endogenous,TRAV13-2,TCRVA_022.1,478,69,37,493,14,15,98,302,209,122,151,212
Endogenous,TRAV14,TCRVA_023.1,857,53,530,869,60,12,118,438,206,201,29,331
Endogenous,TRAV23,TCRVA_031.1,694,62,33,651,14,14,322,163,633,123,3409,385
Endogenous,TRAV24,TCRVA_032.1,252,68,31,293,13,2,349,186,111,82,73,390
Endogenous,TRAV5,TCRVA_006.1,238,38,109,205,684,13,40,70,1214,348,150,113
Endogenous,TRAV8-6,TCRVA_013.1,607,128,15,621,18,23,90,345,657,701,378,445
Endogenous,TRBV11-2,TCRVB_030.1,654,48,12,685,171,8,96,151,455,1599,114,117
Endogenous,TRBV12-3,TCRVB_032.1,427,151,12,372,201,17,374,49,363,89,208,643
Endogenous,TRBV2,TCRVB_001.1,288,226,265,287,220,5,85,126,66,14,22,140
Endogenous,TRBV4-1,TCRVB_003.1,458,34,86,389,99,7,67,66,80,150,2,68
Endogenous,TRBV9,TCRVB_025.1,1022,122,54,1012,38,13,389,210,203,316,548,210
Endogenous,TRDC,ENST00000390477.1,1451,248,284,1065,15,28,823,340,109,39,183,58
Endogenous,TRGV8,ENST00000390343.1,73,69,22,59,507,7,99,35,62,61,157,83
Endogenous,WDR45,NM_007075.3,242,52,68,262,44,19,81,85,166,133,118,131
Endogenous,ACAD10,NM_001136538.1,119,22,62,152,43,24,66,55,107,106,79,73
Endogenous,CCL1,NM_002981.1,291,389,39,1224,19,20,72,189,2238,683,25,1918
Endogenous,CCR7,NM_001838.2,927,23,27,1098,63,291,111,77,133,59,33,41
Endogenous,GNG10,NM_001017998.3,560,44,60,607,50,46,52,59,137,123,81,89
Endogenous,IFITM3,NM_021034.2,586,52,54,523,45,33,68,74,99,105,56,61
Endogenous,IL26,NM_018402.1,240,20,14,591,23,6,170,95,183,1276,92,216
Endogenous,IL6R,NM_000565.2,9,38,114,7,40,76,133,151,210,306,84,162
Endogenous,IRF5,NM_001098627.1,72,44,81,147,48,31,55,77,255,172,79,129
Endogenous,NCR3,NM_147130.2,1132,53,30,977,33,55,82,68,202,190,65,129
Endogenous,PRICKLE3,NM_006150.3,159,30,57,209,53,22,49,60,96,86,72,72
Endogenous,RPTOR,NM_020761.2,644,23,54,570,73,18,57,49,93,123,100,77
Endogenous,SMAD5,NM_005903.5,258,24,59,276,52,33,48,72,183,104,75,80
Endogenous,TRAV1-2,TCRVA_002.1,495,16,12,498,155,17,229,380,770,438,11,84
Endogenous,TRAV20,TCRVA_028.1,282,29,35,274,396,17,434,68,174,42,156,1072
Endogenous,TRAV21,TCRVA_029.1,424,27,2602,343,22,15,344,91,153,82,30,65
Endogenous,TRAV35,TCRVA_040.1,275,28,8,270,208,2,178,51,377,193,194,115
Endogenous,TRAV38-2,TCRVA_043.1,308,303,26,286,33,2,91,28,172,64,97,58
Endogenous,TRAV6,TCRVA_007.1,269,66,313,308,42,5,25,94,67,49,1743,108
Endogenous,TRAV9-2,TCRVA_015.1,486,372,11,458,41,26,69,59,332,149,20,682
Endogenous,TRBV14,TCRVB_036.1,223,85,47,195,7,5,14,218,118,3133,164,262
Endogenous,TRBV3-1,TCRVB_002.1,383,35,48,337,69,2,80,113,103,155,19,306
Endogenous,TRBV30,TCRVB_047.1,293,45,10,290,104,42,115,76,197,92,34,161
Endogenous,TRBV4-2,TCRVB_004.1,364,1057,98,354,23,125,125,41,1689,40,238,41
Endogenous,TRBV5-1,TCRVB_006.1,279,13,1,292,29,39,106,162,222,63,83,150
Endogenous,TRBV6-2,TCRVB_012.1,419,28,11,415,11,8,255,84,444,222,57,113
Endogenous,TRBV6-6,ENST00000390371.1,230,17,24,225,1872,5,88,55,199,246,91,59
Endogenous,TRDV1,ENST00000390452.1,830,134,174,616,6,7,640,166,38,33,155,56
Endogenous,AURKA,NM_003600.2,458,30,62,401,48,21,36,42,114,109,70,67
Endogenous,IKZF2,NM_001079526.1,576,41,67,665,103,16,92,31,57,50,534,44
Endogenous,IL18BP,NM_001039659.1,144,23,67,127,45,22,48,42,154,122,73,70
Endogenous,IL2RA,NM_000417.1,9308,34,13,17956,14,22,96,118,1195,478,23,161
Endogenous,NRF1,NM_001040110.1,198,29,68,210,50,28,42,53,116,84,89,70
Endogenous,PIDD1,NM_145886.2,267,44,61,242,49,29,50,54,146,127,80,58
Endogenous,PIK3R2,NM_005027.2,199,48,51,198,60,24,45,47,73,84,81,82
Endogenous,RAI1,NM_030665.3,149,32,66,139,45,6,35,42,133,117,68,73
Endogenous,SOCS5,NM_014011.4,183,44,48,176,50,24,36,71,148,98,70,91
Endogenous,TRAV25,TCRVA_033.1,340,40,15,340,73,10,62,54,173,169,23,1514
Endogenous,TRAV26-2,TCRVA_035.1,168,78,26,194,17,5,78,27,80,92,25,85
Endogenous,TRBV13,TCRVB_035.1,533,66,58,481,20,121,43,470,46,202,22,45
Endogenous,TRBV24-1,TCRVB_042.1,299,11,62,257,29,14,90,136,928,51,19,384
Endogenous,TRBV29-1,TCRVB_046.1,491,13,6,400,11,5,47,121,1672,84,7806,125
Endogenous,TRIM34,NM_130390.2,133,36,48,148,53,11,51,70,97,105,74,99
Endogenous,ACVR2A,NM_001616.3,41,29,25,42,15,68,87,109,170,122,30,76
Endogenous,CCR6,NM_031409.2,36,4,10,30,14,7,74,85,87,123,138,122
Endogenous,CIITA,NM_000246.3,95,31,38,120,54,28,48,56,101,75,58,52
Endogenous,CISH,NM_145071.2,2577,21,22,2753,21,13,45,77,257,103,46,121
Endogenous,DHFR2,NM_001195643.1,194,38,37,231,53,18,29,41,87,96,56,70
Endogenous,FKBP1A,NM_000801.4,394,29,47,406,32,24,56,34,125,120,51,65
Endogenous,IL10,NM_000572.2,50,30,40,126,87,4,32,33,108,106,78,75
Endogenous,IL21,NM_021803.2,14,59,55,13,63,19,80,36,345,635,34,98
Endogenous,KLRD1,NM_007334.2,29,91,15,52,20,8,158,141,696,113,37,68
Endogenous,PIK3R3,NM_003629.3,67,30,59,98,41,14,37,36,80,82,76,49
Endogenous,TNFRSF10B,NM_003842.3,103,44,43,171,52,38,38,47,128,120,64,75
Endogenous,TRAV10,TCRVA_016.1,254,43,65,278,10,15,55,73,111,39,12,69
Endogenous,TRAV41,TCRVA_046.1,324,12,21,312,24,4,74,86,370,41,18,180
Endogenous,TRAV8-1,TCRVA_009.1,198,15,2787,182,36,5,61,36,35,1250,826,40
Endogenous,TRBV5-4,TCRVB_007.1,85,144,7,78,17,6,27,9,120,92,12,112
Endogenous,TRBV5-6,TCRVB_009.1,145,23,10,164,12,4,75,406,69,12,107,21
Endogenous,TRBV6-1,TCRVB_011.1,325,13,11,323,30,5,71,41,205,64,38,138
Endogenous,TRBV6-9,TCRVB_017.1,119,22,25,113,21,14,122,99,136,101,35,51
Endogenous,ACTN1,NM_001102.3,1077,19,72,1113,5,11,22,26,176,100,17,31
Endogenous,BID,NM_197966.1,159,25,22,129,54,25,55,39,77,49,56,60
Endogenous,CCL28,NM_148672.2,221,25,46,203,25,10,38,45,105,57,47,64
Endogenous,CD86,NM_175862.3,86,23,63,113,30,4,11,11,91,60,38,36
Endogenous,CXCL10,NM_001565.2,58,11,22,143,11,8,29,18,121,78,15,106
Endogenous,GOT1,NM_002079.2,233,18,36,251,32,20,30,33,67,79,60,46
Endogenous,IL7,NM_000880.3,19,30,37,14,31,11,48,63,71,85,77,79
Endogenous,NBL1,NM_182744.2,233,31,82,220,28,7,42,55,147,100,37,48
Endogenous,RORC,NM_001001523.1,32,13,13,24,17,17,48,58,90,251,108,95
Endogenous,SHMT1,NM_148918.1,420,36,41,389,36,36,48,53,125,97,55,59
Endogenous,TRAV27,TCRVA_036.1,292,8,12,251,19,5,29,67,74,203,9,45
Endogenous,TRAV34,TCRVA_039.1,115,189,6,123,16,3,21,131,77,10,15,41
Endogenous,TRBV15,TCRVB_037.1,195,11,3,167,33,4,30,59,42,56,10,721
Endogenous,TRBV7-6,TCRVB_021.1,313,24,10,267,8,4,367,17,25,311,31,112
Endogenous,ZBTB16,NM_006006.4,140,16,613,108,6,1,19,15,99,256,6,28
Endogenous,ACVR1B,NM_020328.3,116,46,10,152,13,19,38,31,93,124,32,42
Endogenous,AFDN,NM_001040000.2,343,12,27,308,16,4,22,33,134,94,24,49
Endogenous,BATF3,NM_018664.2,2598,13,21,3781,11,10,16,18,105,79,20,19
Endogenous,CD276,NM_001024736.1,16,53,24,17,15,12,58,48,461,363,15,114
Endogenous,CD38,NM_001775.2,1943,43,24,2274,40,18,43,49,361,96,41,53
Endogenous,CD45RA,NM_002838.4,342,26,35,308,17,16,22,25,71,66,28,36
Endogenous,CTNND1,NM_001331.2,63,20,41,71,29,34,39,41,77,83,40,38
Endogenous,GFER,NM_005262.2,184,19,37,192,23,14,36,43,89,63,47,53
Endogenous,HK2,NM_000189.4,638,24,14,853,17,6,21,38,167,82,22,32
Endogenous,IFIT2,NM_001547.4,79,17,50,98,45,5,38,29,112,38,48,56
Endogenous,IKZF4,NM_022465.3,312,30,24,347,17,4,25,29,146,71,24,40
Endogenous,IL12RB2,NM_001559.2,956,11,5,1195,5,17,16,23,125,68,7,27
Endogenous,IL13,NM_002188.2,1650,12,5,4900,7,8,11,15,63,87,11,18
Endogenous,LIF,NM_002309.3,3231,11,3,6114,9,12,9,8,73,97,8,20
Endogenous,OXSM,NM_017897.2,190,15,32,194,39,18,36,29,84,63,51,39
Endogenous,PSAT1,NM_021154.3,541,21,40,559,26,6,21,27,72,60,50,40
Endogenous,PTCD1,NM_015545.2,153,23,28,160,23,12,18,22,56,61,29,37
Endogenous,SOCS2,NM_003877.3,534,20,13,492,14,9,24,45,312,49,34,115
Endogenous,TRAV30,TCRVA_038.1,116,139,3,75,7,20,233,11,7,11,8,3
Endogenous,TRAV36,TCRVA_041.1,122,14,4,113,4,1,356,46,116,38,23,23
Endogenous,TRBV11-3,TCRVB_031.1,123,56,38,179,6,2,25,18,50,77,1,28
Endogenous,TRBV12-5,TCRVB_034.1,125,16,7,106,5,5,69,115,10,35,8,14
Endogenous,TRBV7-7,TCRVB_022.1,83,2,1,82,3,1,6,7,26,41,270,172
Endogenous,CD274,NM_014143.3,103,21,26,131,18,8,19,31,64,41,18,30
Endogenous,CEACAM1,NM_001712.3,120,6,25,123,15,3,11,20,59,24,11,28
Endogenous,EBI3,NM_005755.2,27,21,14,68,6,6,17,30,159,63,10,55
Endogenous,GRPEL1,NM_025196.2,327,12,34,342,20,7,35,40,81,55,44,43
Endogenous,HSD11B1,NM_005525.2,18,15,5,14,5,33,36,28,94,65,25,58
Endogenous,IL22,NM_020525.4,73,3,4,180,1,1,7,8,20,670,1,7
Endogenous,KIR3DL1/2,NM_013289.2,40,16,83,31,13,6,72,33,126,42,45,26
Endogenous,NT5E,NM_002526.2,95,25,39,157,16,6,18,22,41,95,19,21
Endogenous,PDCD1LG2,NM_025239.3,100,13,24,117,7,6,25,29,68,35,17,39
Endogenous,PTGER2,NM_000956.2,2894,15,5,2357,6,2,8,20,88,45,6,45
Endogenous,SLC2A11,NM_030807.4,93,28,25,114,20,15,28,18,63,39,23,28
Endogenous,TRAV18,TCRVA_026.1,74,17,75,81,10,2,28,16,34,30,47,48
Endogenous,TRAV39,TCRVA_044.1,252,8,21,184,18,1,18,22,45,34,25,59
Endogenous,TRBV11-1,TCRVB_029.1,150,15,7,112,19,5,32,7,88,38,5,24
Endogenous,TRBV25-1,TCRVB_043.1,162,49,3,126,5,20,23,11,19,19,8,57
Endogenous,USP18,NM_017414.3,288,14,8,379,11,12,15,29,131,40,22,47
Endogenous,VAV3,NM_001079874.1,42,41,39,45,24,17,63,42,123,68,52,50
Endogenous,ACACA,NM_198834.1,114,12,19,155,12,12,21,22,54,50,20,22
Endogenous,ACSF2,NM_001288968.1,86,12,20,76,16,8,17,25,37,30,18,18
Endogenous,CD68,NM_001251.2,278,8,14,336,14,4,20,25,43,27,37,24
Endogenous,CRLF2,NM_022148.3,88,6,6,132,9,10,14,13,17,12,7,11
Endogenous,CXCL8,NM_000584.2,1079,15,3,4360,6,5,10,9,19,14,10,8
Endogenous,FOXP3,NM_014009.3,239,7,4,514,3,1,5,7,6,4,3,3
Endogenous,IFIT1,NM_001548.3,49,2,2,75,2,2,7,15,94,19,2,34
Endogenous,IFIT3,NM_001031683.2,63,5,8,76,6,2,7,6,42,13,5,25
Endogenous,IFNGR2,NM_005534.3,85,7,9,99,6,9,6,8,5,6,5,5
Endogenous,IGF1R,NM_000875.4,66,5,5,81,4,8,8,9,20,22,11,8
Endogenous,IL12A,NM_000882.2,73,6,10,122,32,2,11,13,19,27,47,14
Endogenous,IL17F,NM_052872.3,225,2,3,343,5,1,2,4,3,9,7,2
Endogenous,IL1A,NM_000575.3,52,5,3,107,2,3,4,9,62,10,4,6
Endogenous,IL23A,NM_016584.2,280,8,13,455,7,8,17,14,18,32,15,23
Endogenous,IL23R,NM_144701.2,47,5,6,83,5,2,25,15,26,61,17,25
Endogenous,IL3RA,NM_002183.2,173,1,1,251,1,1,2,6,28,24,2,9
Endogenous,IL4,NM_000589.2,176,3,3,381,5,3,1,4,9,9,4,6
Endogenous,IL5,NM_000879.2,683,1,1,2056,1,2,3,2,4,5,1,1
Endogenous,IL9,NM_000590.1,84,6,1,384,1,2,7,7,7,14,5,5
Endogenous,IRF8,NM_002163.2,57,5,23,78,3,2,9,8,39,42,5,6
Endogenous,KYAT1,NM_004059.4,119,14,19,134,28,8,25,28,36,36,49,28
Endogenous,LAIR1,NM_002287.3,1112,8,16,904,6,8,15,20,34,25,11,19
Endogenous,MAML3,NM_018717.4,91,3,4,101,2,3,4,6,9,3,3,2
Endogenous,MCAT,NM_014507.3,111,22,29,125,25,12,25,25,36,40,22,36
Endogenous,MTCP1,NM_001018025.3,72,9,9,85,10,11,15,13,32,29,22,23
Endogenous,NCR1,NM_004829.5,17,17,127,16,17,7,62,40,32,13,50,15
Endogenous,PHGDH,NM_006623.2,692,33,29,647,20,16,30,22,38,52,47,18
Endogenous,PPARD,NM_006238.4,71,19,31,49,21,31,24,24,58,53,35,40
Endogenous,PPT2,NM_001204103.1,96,10,10,121,16,7,21,16,31,42,19,15
Endogenous,PSPH,NM_004577.3,79,11,18,96,13,9,24,22,37,34,23,25
Endogenous,PTGDR2,NM_004778.1,97,3,4,115,2,2,1,1,1,2,1,3
Endogenous,PYCR1,NM_006907.2,328,6,9,496,17,6,21,9,34,38,11,6
Endogenous,PYCR3,NM_023078.2,119,15,11,142,22,12,9,24,36,22,13,10
Endogenous,SRC,NM_005417.3,36,20,23,33,23,10,21,35,89,79,27,32
Endogenous,SRR,NM_021947.1,131,12,16,114,19,10,11,17,34,29,14,18
Endogenous,TNFRSF11A,NM_003839.3,173,3,5,216,4,3,7,2,5,8,2,5
Endogenous,TNFSF13B,NM_001145645.2,92,11,22,74,15,20,20,24,31,32,27,25
Endogenous,TRBV10-2,TCRVB_027.1,89,31,5,65,4,4,44,22,32,45,14,25
Endogenous,TRBV5-5,TCRVB_008.1,59,5,8,56,2,1,4,3,17,6,3,13
Endogenous,TRDV3,ENST00000535880.1,72,2,6,61,11,9,3,7,8,5,4,7
Endogenous,B3GAT1,NM_054025.2,4,18,20,5,40,12,9,23,51,44,58,52
Endogenous,CCL17,NM_002987.2,13,3,3,72,1,1,5,2,6,4,4,1
Endogenous,CCL22,NM_002990.3,10,11,3,137,3,5,8,9,13,2,2,4
Endogenous,CCL23,NM_005064.4,4,7,20,3,6,2,2,13,138,13,12,41
Endogenous,CCL24,NM_002991.2,17,5,16,6,7,9,9,16,96,18,13,19
Endogenous,CD244,NM_001166663.1,39,15,30,60,12,6,31,20,34,38,26,21
Endogenous,FCGR3A/B,NM_000570.4,15,28,71,22,34,8,46,28,39,21,49,27
Endogenous,ICOSLG,NM_015259.5,50,16,22,59,26,13,42,36,33,54,33,33
Endogenous,IL2,NM_000586.2,19,8,4,89,7,4,7,10,18,21,7,8
Endogenous,IL3,NM_000588.3,30,6,9,172,7,4,7,11,45,14,8,17
Endogenous,MMP9,NM_004994.2,5,14,20,18,16,9,19,32,72,35,12,26
Endogenous,NCAM1,NM_000615.5,26,15,6,59,5,3,15,24,46,21,4,26
Endogenous,PTGS2,NM_000963.1,27,3,3,94,1,3,9,10,9,7,2,8
Endogenous,SGK3,NM_013257.3,61,21,21,43,27,11,24,33,42,48,41,32
Endogenous,TRAV40,TCRVA_045.1,20,10,2,29,1,2,9,4,13,5,1,56
Endogenous,TRBV16,TCRVB_038.1,15,1,1,17,3,15,4,155,39,37,7,6
Endogenous,TRBV7-4,TCRVB_020.1,26,24,17,32,55,4,14,8,24,111,11,24
Endogenous,TRGV4,ENST00000390345.1,18,7,114,16,14,4,21,21,28,36,34,38
Endogenous,ACVR1C,NM_145259.2,16,4,1,26,4,6,5,5,8,6,8,3
Endogenous,ALDH1L1,NM_012190.2,5,4,1,3,2,1,2,5,4,4,2,6
Endogenous,ALDH1L2,NM_001034173.3,2,3,2,10,3,3,2,6,4,1,2,1
Endogenous,ALDH8A1,NM_001193480.1,30,13,4,39,21,8,13,12,25,19,19,24
Endogenous,ANGPT2,NM_001147.2,4,2,2,4,6,5,3,5,6,6,3,3
Endogenous,AREG,NM_001657.2,4,6,9,9,12,9,13,15,25,12,15,8
Endogenous,BLK,NM_001715.2,10,9,10,21,8,5,6,8,9,17,32,14
Endogenous,C3,NM_000064.2,12,11,9,8,6,6,15,16,18,14,15,16
Endogenous,CARD10,NM_014550.3,9,1,2,12,6,2,6,10,7,8,9,7
Endogenous,CCL11,NM_002986.2,6,4,2,8,2,5,8,2,10,11,5,5
Endogenous,CCL13,NM_005408.2,1,1,2,1,2,3,3,1,3,2,1,4
Endogenous,CCL14,NM_032963.3,5,4,7,5,6,3,3,7,8,2,7,9
Endogenous,CCL15,NM_032965.3,4,4,2,7,4,8,7,7,7,9,6,3
Endogenous,CCL16,NM_004590.2,3,1,1,5,1,3,1,1,8,3,4,1
Endogenous,CCL18,NM_002988.2,5,1,6,10,4,6,7,5,13,6,9,7
Endogenous,CCL19,NM_006274.2,6,3,3,3,1,3,4,4,3,2,6,2
Endogenous,CCL2,NM_002982.3,9,3,3,7,2,2,5,5,10,6,8,14
Endogenous,CCL20,NM_004591.1,6,6,5,20,4,4,11,11,46,33,8,10
Endogenous,CCL21,NM_002989.2,1,2,2,5,2,3,1,5,2,1,2,2
Endogenous,CCL25,NM_005624.2,22,8,5,9,4,6,13,6,5,13,11,14
Endogenous,CCL26,NM_006072.4,4,7,3,5,5,3,7,13,8,8,8,1
Endogenous,CCL27,NM_006664.2,7,3,3,6,3,2,3,2,7,4,4,4
Endogenous,CCL7,NM_006273.2,4,6,6,6,3,4,7,6,5,7,6,5
Endogenous,CCL8,NM_005623.2,16,9,4,24,3,5,9,10,33,24,11,11
Endogenous,CD14,NM_000591.2,11,6,11,17,11,6,5,10,10,8,6,9
Endogenous,CD160,NM_007053.3,8,4,8,7,7,2,12,3,11,11,4,7
Endogenous,CD163,NM_004244.4,5,3,1,1,4,1,3,1,2,1,4,3
Endogenous,CD19,XM_011545981.1,6,5,4,7,11,7,8,5,12,4,8,4
Endogenous,CD1A,NM_001763.2,7,6,7,6,5,4,4,6,4,4,2,4
Endogenous,CD1D,NM_001766.3,5,5,2,8,1,3,3,2,10,3,2,1
Endogenous,CD209,NM_001144899.1,6,1,3,7,6,2,4,2,9,5,4,4
Endogenous,CD22,NM_001771.2,7,1,4,4,1,1,4,1,5,3,1,2
Endogenous,CD300C,XM_017024034.1,10,6,2,14,2,6,6,9,5,3,4,2
Endogenous,CD300E,NM_181449.1,1,3,1,3,2,4,4,3,2,6,3,3
Endogenous,CD300LF,NM_139018.3,2,1,1,2,2,1,6,7,6,28,1,4
Endogenous,CD33,NM_001177608.1,17,3,1,23,1,4,4,4,6,2,5,6
Endogenous,CD40,NM_001250.4,17,5,2,16,5,2,3,3,11,7,8,5
Endogenous,CEACAM3,NM_001815.3,4,1,3,1,1,1,6,3,5,2,3,3
Endogenous,CLCF1,NM_013246.2,7,7,15,11,8,3,9,14,25,9,8,16
Endogenous,CLDN1,NM_021101.3,4,7,6,12,5,3,8,6,8,11,3,10
Endogenous,CLDN23,NM_194284.2,5,6,11,6,5,3,5,6,15,5,8,4
Endogenous,CLDN3,NM_001306.3,7,8,5,4,4,5,8,3,5,3,4,4
Endogenous,CLDN4,NM_001305.3,9,11,8,9,6,5,20,16,14,15,15,16
Endogenous,CLDN7,NM_001307.3,6,5,3,11,6,3,3,4,7,10,5,5
Endogenous,CMKLR1,NM_004072.1,1,1,1,2,3,2,3,7,3,6,4,2
Endogenous,COLEC12,NM_130386.2,4,6,11,11,11,5,8,10,10,14,8,9
Endogenous,CPA3,NM_001870.2,3,2,1,5,1,2,2,2,4,1,2,2
Endogenous,CSF2RA,NM_006140.3,7,4,1,12,1,3,2,7,7,5,5,6
Endogenous,CSF3,NM_000759.3,4,4,2,4,5,3,7,5,3,8,2,6
Endogenous,CSF3R,NM_000760.3,7,1,4,8,3,4,5,5,5,5,5,9
Endogenous,CX3CL1,NM_002996.3,3,4,3,8,6,2,9,9,9,7,7,7
Endogenous,CXCL1,NM_001511.1,6,5,5,8,1,1,5,1,2,19,3,2
Endogenous,CXCL11,NM_005409.4,18,5,6,21,5,4,9,7,9,8,3,3
Endogenous,CXCL12,NM_199168.3,5,1,2,5,1,1,6,5,2,3,5,4
Endogenous,CXCL14,NM_004887.4,8,5,7,10,4,4,5,9,5,3,6,6
Endogenous,CXCL16,NM_001100812.1,20,10,6,23,7,7,9,15,39,14,7,17
Endogenous,CXCL2,NM_002089.3,6,2,3,6,3,5,6,1,2,5,5,2
Endogenous,CXCL3,NM_002090.2,1,14,17,6,11,12,15,20,39,20,14,26
Endogenous,CXCL5,NM_002994.3,7,3,2,5,2,6,2,5,6,4,5,8
Endogenous,CXCL6,NM_002993.3,1,2,2,3,1,1,1,1,5,1,2,1
Endogenous,CXCL9,NM_002416.1,1,1,4,11,2,2,5,7,10,7,8,6
Endogenous,CXCR5,NM_001716.3,10,5,13,17,36,11,18,20,44,36,21,6
Endogenous,CYBB,NM_000397.3,8,5,5,8,6,8,8,11,13,13,9,6
Endogenous,DLL1,NM_005618.3,7,5,2,5,2,1,1,6,9,11,2,4
Endogenous,EGF,NM_001963.4,4,6,3,7,2,6,6,3,10,8,5,2
Endogenous,ENTPD2,NM_203468.1,9,5,5,1,5,4,9,6,5,6,5,3
Endogenous,FAM30A,NR_026800.2,9,3,1,4,1,3,6,1,3,2,2,1
Endogenous,FCAR,NM_002000.2,1,3,5,3,2,1,4,3,5,3,2,1
Endogenous,FCRL2,NM_001159488.1,1,1,1,4,2,3,4,3,4,5,2,1
Endogenous,FPR1,NM_002029.3,4,1,4,5,3,3,6,4,9,2,4,1
Endogenous,GLS2,NM_013267.2,13,4,10,16,13,4,12,11,12,8,14,9
Endogenous,GRK4,NM_001004057.1,10,2,3,16,2,4,6,3,11,5,7,5
Endogenous,HDC,NM_002112.3,6,5,2,17,5,7,11,5,15,10,7,4
Endogenous,HK3,NM_002115.1,6,1,2,14,5,3,3,5,5,6,5,2
Endogenous,HLA-DQA1,NM_002122.3,6,4,2,5,1,1,5,1,5,1,1,4
Endogenous,IDO1,NM_002164.3,7,2,8,3,4,3,7,11,8,13,8,7
Endogenous,IDO2,NM_194294.2,2,1,3,3,2,3,4,5,7,5,4,3
Endogenous,IFNA1,NM_024013.1,2,2,3,2,5,1,1,2,7,6,1,2
Endogenous,IFNB1,NM_002176.2,3,1,3,10,1,1,1,4,2,8,4,3
Endogenous,IL11,NM_000641.2,7,2,3,9,6,2,2,4,9,4,5,6
Endogenous,IL12B,NM_002187.2,10,2,1,12,3,1,6,1,7,7,9,5
Endogenous,IL15,NM_172174.1,41,13,13,30,22,5,19,9,36,22,25,37
Endogenous,IL17A,NM_002190.2,17,2,1,34,2,4,2,7,8,26,12,23
Endogenous,IL17C,NM_013278.3,5,4,1,10,5,1,5,7,15,8,4,7
Endogenous,IL18,NM_001562.2,6,6,6,13,14,3,4,14,13,13,11,8
Endogenous,IL19,NM_013371.3,8,1,3,24,1,2,2,4,6,3,4,6
Endogenous,IL1B,NM_000576.2,7,10,8,7,6,4,5,6,8,7,5,6
Endogenous,IL1F10,NM_032556.4,8,4,2,5,2,1,2,1,8,3,3,5
Endogenous,IL1R1,NM_001320984.1,10,1,2,15,2,4,5,4,12,12,4,5
Endogenous,IL1RN,NM_000577.3,10,5,6,48,3,2,6,5,11,16,5,5
Endogenous,IL20,NM_018724.3,6,3,4,7,6,8,9,9,2,9,7,10
Endogenous,IL24,NM_181339.1,3,2,1,6,2,2,4,1,2,6,1,4
Endogenous,IL25,NM_022789.2,3,3,1,1,1,1,3,2,1,3,1,1
Endogenous,IL27,NM_145659.3,4,5,3,6,3,2,6,3,2,8,3,5
Endogenous,IL31,NM_001014336.1,5,2,4,8,5,3,1,2,5,5,6,6
Endogenous,IL33,NM_033439.2,5,3,4,5,2,4,14,7,8,9,4,10
Endogenous,IL36A,NM_014440.1,17,2,1,18,3,2,5,3,11,5,8,7
Endogenous,IL36B,NM_014438.3,5,2,5,5,2,7,4,7,6,3,4,5
Endogenous,IL36G,NM_019618.3,4,1,2,5,6,1,3,1,3,6,3,4
Endogenous,IL36RN,NM_012275.2,9,3,3,5,3,1,5,5,1,4,5,5
Endogenous,IL37,NM_014439.3,9,2,1,11,1,1,1,4,14,8,6,1
Endogenous,IL6,NM_000600.3,3,4,4,2,7,3,6,14,3,7,7,5
Endogenous,IRF6,NM_006147.2,5,9,8,10,3,5,6,13,15,7,3,5
Endogenous,JAG1,NM_000214.2,9,12,3,7,7,4,8,12,21,28,10,11
Endogenous,KLRF1,NM_016523.2,3,6,1,3,4,2,7,5,8,3,9,7
Endogenous,LDHC,NM_002301.2,37,5,6,47,6,6,8,6,23,17,8,7
Endogenous,LEFTY1,NM_020997.2,6,8,5,9,2,5,9,7,9,9,4,10
Endogenous,LILRA1,NM_001278318.1,6,1,2,6,3,1,5,4,2,7,4,3
Endogenous,LILRA5,NM_181879.2,4,6,3,5,1,4,7,4,1,3,3,6
Endogenous,LILRB2,NM_001278405.1,5,5,2,7,6,3,6,4,11,7,6,8
Endogenous,LILRB3,NM_006864.3,10,6,4,11,6,11,13,7,18,10,9,18
Endogenous,LILRB4,NM_001278426.3,8,2,2,4,1,4,1,2,2,4,2,2
Endogenous,LNX1,NM_032622.2,2,1,3,2,1,2,8,3,5,12,2,4
Endogenous,MAPK12,NM_002969.3,11,20,30,28,34,8,22,20,37,45,47,34
Endogenous,MDFIC,NM_199072.4,8,5,4,19,5,2,4,3,11,5,3,6
Endogenous,MINOS1,NR_033757.2,27,12,9,24,10,5,6,5,15,12,11,7
Endogenous,MMP2,NM_004530.2,7,8,15,10,9,9,23,12,12,16,12,21
Endogenous,MS4A1,NM_152866.2,4,15,6,14,26,9,13,15,13,14,18,13
Endogenous,MS4A2,NM_000139.3,7,2,4,7,4,6,3,4,4,1,4,1
Endogenous,MS4A4A,NM_024021.2,3,1,2,3,4,3,3,4,6,2,5,2
Endogenous,MYL9,NM_006097.3,13,4,11,10,4,2,5,13,11,8,7,5
Endogenous,NCR2,NM_004828.3,24,5,3,26,4,1,3,7,8,3,9,2
Endogenous,NRL,NM_006177.3,19,6,9,19,10,2,10,8,17,25,15,12
Endogenous,PDGFRA,NM_006206.3,8,2,1,14,5,1,6,5,1,2,3,9
Endogenous,PDPN,NM_006474.4,7,3,3,3,8,5,6,3,3,3,5,7
Endogenous,PFKFB4,NM_004567.2,20,9,7,31,10,7,18,15,55,21,11,16
Endogenous,PLA2G4B,NM_001114633.1,2,1,4,5,3,2,3,2,2,6,3,6
Endogenous,PLCB3,NM_000932.2,40,11,13,38,6,5,17,17,37,31,17,21
Endogenous,PNOC,NM_001284244.1,1,1,4,8,4,7,1,2,7,5,3,2
Endogenous,PPARGC1A,NM_013261.3,7,4,7,9,8,5,8,9,4,6,7,15
Endogenous,PROCR,NM_006404.3,15,5,6,15,8,2,7,7,8,7,5,5
Endogenous,PTGS1,NM_000962.2,1,32,20,5,13,14,20,5,18,37,7,14
Endogenous,RAG2,NM_000536.3,4,6,4,8,12,10,12,10,9,11,10,4
Endogenous,RARB,NM_000965.3,3,1,1,6,1,2,1,4,1,7,3,1
Endogenous,RDH5,NM_002905.3,47,13,27,45,20,10,20,19,53,34,23,29
Endogenous,RIMKLA,NM_173642.3,4,2,3,7,6,1,1,3,6,4,3,1
Endogenous,S100A12,NM_005621.1,1,1,4,11,1,1,3,1,3,2,1,3
Endogenous,SERINC4,NM_001258031.1,8,2,7,4,6,2,6,5,5,8,1,5
Endogenous,SIGLEC5,NM_003830.3,7,7,5,3,1,2,8,6,7,9,6,9
Endogenous,SLC2A2,NM_000340.1,1,2,4,10,2,1,2,1,1,2,4,4
Endogenous,SPIB,NM_003121.3,9,4,4,17,5,7,15,10,10,4,8,10
Endogenous,TCL1A,NR_049726.1,3,3,8,6,6,1,3,3,7,6,7,11
Endogenous,TERT,NM_198253.1,35,4,4,42,5,3,9,7,15,16,6,5
Endogenous,TLR2,NM_003264.3,11,7,9,15,5,1,4,5,13,6,7,4
Endogenous,TLR4,NM_138554.2,4,3,4,7,5,1,3,3,4,7,7,3
Endogenous,TLR9,NM_017442.2,2,5,3,7,5,2,8,8,8,14,10,6
Endogenous,TNFRSF17,NM_001192.2,3,2,1,5,2,1,6,1,6,3,3,1
Endogenous,TPSAB1/B2,NM_003294.3,7,7,9,8,6,12,12,5,5,7,4,5
Endogenous,TRAV11,TCRVA_017.1,8,3,6,5,3,6,10,5,9,9,3,4
Endogenous,TRAV7,TCRVA_008.1,8,3,9,6,6,1,5,6,4,6,8,6
Endogenous,TRAV9-1,TCRVA_014.1,6,6,5,2,4,1,5,9,7,5,8,8
Endogenous,TRBV10-1,ENST00000390364.1,13,5,2,4,1,2,13,6,3,8,5,9
Endogenous,TRBV5-8,TCRVB_010.1,18,4,2,13,2,3,7,19,11,10,15,11
Endogenous,TRBV6-4,TCRVB_013.1,49,3,14,49,28,8,12,17,6,12,25,50
Endogenous,TRBV6-8,TCRVB_016.1,5,3,5,4,3,1,6,7,2,5,3,2
Endogenous,TRDV2,ENST00000390469.1,27,2,1,16,3,2,30,6,39,3,1,2
Endogenous,TREM1,NM_001242589.1,5,3,2,1,1,1,6,3,1,5,3,3
Endogenous,TRGV9,ENST00000444775.1,5,3,2,3,9,3,16,5,3,4,5,7
Endogenous,TRIM10,NM_006778.3,4,8,3,1,1,2,9,4,8,7,3,8
Endogenous,TRIM31,NM_007028.3,2,6,4,5,5,4,5,8,10,4,1,1
Endogenous,TYROBP,NM_003332.3,34,9,2,47,3,3,7,3,12,17,7,9
